log_one_var,log_all_var,rf,rf_gs,rf_gs_fs,rf_gs_fs_gs,xgb,xgb_HYPEROPT
0.66784884815768,0.772192580503421,0.8081036971941499,0.8226853304877283,0.8338961772644529,0.8271671583704727,0.8204318624066286,0.8282907538760906
